taxonomy	Chi2	p-value	gOTU
d__Bacteria; p__Actinobacteriota; c__Actinomycetia; o__Propionibacteriales; f__Propionibacteriaceae; g__Cutibacterium; s__Cutibacterium acnes	545.7748960462329	1.0450288974609002e-120	G000008345
d__Bacteria; p__Actinobacteriota; c__Actinomycetia; o__Propionibacteriales; f__Propionibacteriaceae; g__Cutibacterium; s__Cutibacterium acnes	496.92781714285707	4.430159448521063e-110	G000145555
d__Bacteria; p__Actinobacteriota; c__Actinomycetia; o__Propionibacteriales; f__Propionibacteriaceae; g__Cutibacterium; s__Cutibacterium acnes	490.6706944019578	1.0183026110472113e-108	G000145515
d__Bacteria; p__Actinobacteriota; c__Actinomycetia; o__Propionibacteriales; f__Propionibacteriaceae; g__Cutibacterium; s__Cutibacterium acnes	489.48105956208843	1.848109780649111e-108	G000144735
d__Bacteria; p__Actinobacteriota; c__Actinomycetia; o__Mycobacteriales; f__Pseudonocardiaceae; g__Pseudonocardia; s__Pseudonocardia alni	461.41602990033215	2.364502206341083e-102	G001902615
d__Bacteria; p__Bacteroidota; c__Bacteroidia; o__Bacteroidales; f__Tannerellaceae; g__Barb7; s__Barb7 sp010500925	291.900940860215	1.915857011493702e-65	G010500925
d__Bacteria; p__Firmicutes_A; c__Clostridia; o__Oscillospirales; f__Acutalibacteraceae; g__Caproicibacter; s__Caproicibacter sp900184925	249.45592362548882	3.412351352413858e-56	G900184925
d__Bacteria; p__Bacteroidota; c__Bacteroidia; o__Flavobacteriales; f__Weeksellaceae; g__Cloacibacterium; s__Cloacibacterium normanense	184.22932330827064	5.781562578428442e-42	G001747495
d__Bacteria; p__Actinobacteriota; c__Actinomycetia; o__Actinomycetales; f__Brevibacteriaceae; g__Brevibacterium; s__Brevibacterium casei	133.0	9.041178413936537e-31	G000314575
d__Bacteria; p__Proteobacteria; c__Gammaproteobacteria; o__Pseudomonadales; f__Pseudomonadaceae; g__Pseudomonas_E; s__Pseudomonas_E chengduensis_A	82.8096908939014	9.034595673910229e-20	G003269315
d__Bacteria; p__Firmicutes_A; c__Clostridia; o__Oscillospirales; f__Acutalibacteraceae; g__Clostridium_A; s__Clostridium_A leptum	71.53557603686633	2.723039014798763e-17	G000154345
d__Bacteria; p__Proteobacteria; c__Gammaproteobacteria; o__Burkholderiales; f__Burkholderiaceae; g__Achromobacter; s__Achromobacter xylosoxidans	60.17157142857142	8.693885100273924e-15	G001457475
d__Bacteria; p__Actinobacteriota; c__Actinomycetia; o__Actinomycetales; f__Microbacteriaceae; g__Rathayibacter; s__Rathayibacter caricis	48.9029702970297	2.6894315384331384e-12	G001423045
d__Bacteria; p__Actinobacteriota; c__Actinomycetia; o__Propionibacteriales; f__Propionibacteriaceae; g__Cutibacterium; s__Cutibacterium namnetense	47.61904761904763	5.17630905699014e-12	G000221145
d__Bacteria; p__Actinobacteriota; c__Actinomycetia; o__Propionibacteriales; f__Nocardioidaceae; g__Marmoricola; s__Marmoricola aequoreus	47.6	5.2268483099037445e-12	G000720335
d__Bacteria; p__Actinobacteriota; c__Actinomycetia; o__Propionibacteriales; f__Propionibacteriaceae; g__Cutibacterium; s__Cutibacterium granulosum	46.9782894736842	7.177742083891838e-12	G000463665
d__Bacteria; p__Proteobacteria; c__Alphaproteobacteria; o__Rhodobacterales; f__Rhodobacteraceae; g__Paracoccus; s__Paracoccus marcusii	38.06886035313001	6.829138044633132e-10	G000967825
d__Bacteria; p__Actinobacteriota; c__Actinomycetia; o__Mycobacteriales; f__Mycobacteriaceae; g__Corynebacterium; s__Corynebacterium kefirresidentii	34.50178571428571	4.25860451718492e-09	G001054195
d__Bacteria; p__Actinobacteriota; c__Actinomycetia; o__Mycobacteriales; f__Mycobacteriaceae; g__Corynebacterium; s__Corynebacterium accolens	33.47448979591836	7.220485022690065e-09	G000159115
d__Bacteria; p__Actinobacteriota; c__Actinomycetia; o__Propionibacteriales; f__Propionibacteriaceae; g__Cutibacterium; s__Cutibacterium modestum	30.863720452209662	2.76798217023359e-08	G000204235
d__Bacteria; p__Proteobacteria; c__Gammaproteobacteria; o__Burkholderiales; f__Burkholderiaceae; g__Variovorax; s__Variovorax paradoxus_C	24.07032967032967	9.288044892365127e-07	G000184745
d__Bacteria; p__Proteobacteria; c__Gammaproteobacteria; o__Burkholderiales; f__Burkholderiaceae; g__Aquabacterium_A; s__Aquabacterium_A sp002198735	23.419128329297813	1.302766603126812e-06	G002198735
d__Bacteria; p__Proteobacteria; c__Gammaproteobacteria; o__Pseudomonadales; f__Pseudomonadaceae; g__Pseudomonas_A; s__Pseudomonas_A stutzeri	22.99319727891156	1.6257566438817373e-06	G000219605
d__Bacteria; p__Proteobacteria; c__Gammaproteobacteria; o__Burkholderiales; f__Burkholderiaceae; g__Giesbergeria; s__Giesbergeria anulus	20.84642636820301	4.9761984244501236e-06	G900111115
d__Bacteria; p__Actinobacteriota; c__Actinomycetia; o__Actinomycetales; f__Micrococcaceae; g__Micrococcus; s__Micrococcus luteus	19.446428571428562	1.0346111920294834e-05	G000023205
d__Bacteria; p__Actinobacteriota; c__Actinomycetia; o__Nanopelagicales; f__Nanopelagicaceae; g__AAA044-D11; s__AAA044-D11 sp000485495	18.928000000000004	1.3574562205142277e-05	G000485495
d__Bacteria; p__Firmicutes_A; c__Clostridia; o__Lachnospirales; f__Lachnospiraceae; g__Agathobacter; s__Agathobacter rectalis	17.60304761904762	2.721518579169648e-05	G000020605
d__Bacteria; p__Proteobacteria; c__Gammaproteobacteria; o__Pseudomonadales; f__Pseudomonadaceae; g__Pseudomonas; s__Pseudomonas aeruginosa	16.296428571428574	5.416594436988943e-05	G000615525
d__Bacteria; p__Proteobacteria; c__Gammaproteobacteria; o__Burkholderiales; f__Burkholderiaceae; g__Alicycliphilus; s__Alicycliphilus denitrificans	16.165306122448982	5.80475949415359e-05	G000204645
d__Bacteria; p__Proteobacteria; c__Gammaproteobacteria; o__Pseudomonadales; f__Moraxellaceae; g__Acinetobacter; s__Acinetobacter venetianus	15.361632653061221	8.877267625911892e-05	G001584645
d__Bacteria; p__Actinobacteriota; c__Coriobacteriia; o__Coriobacteriales; f__Coriobacteriaceae; g__Collinsella; s__Collinsella aerofaciens	13.952073732718896	0.00018753067478622057	G000169035
d__Bacteria; p__Proteobacteria; c__Gammaproteobacteria; o__Burkholderiales; f__Burkholderiaceae; g__Caldimonas; s__Caldimonas manganoxidans	13.299999999999997	0.0002654061172322115	G000381125
d__Bacteria; p__Proteobacteria; c__Alphaproteobacteria; o__Rhizobiales; f__Rhizobiaceae; g__Mesorhizobium; s__Mesorhizobium terrae	12.82504892367906	0.00034200956498719044	G001705425
d__Bacteria; p__Actinobacteriota; c__Actinomycetia; o__Mycobacteriales; f__Mycobacteriaceae; g__Rhodococcus; s__Rhodococcus erythropolis	12.790217391304349	0.0003484366264008493	G000454045
d__Bacteria; p__Proteobacteria; c__Gammaproteobacteria; o__Burkholderiales; f__Burkholderiaceae; g__Rubrivivax; s__Rubrivivax sp001295865	12.787346938775507	0.00034897167979245253	G001295865
d__Bacteria; p__Proteobacteria; c__Alphaproteobacteria; o__Rhizobiales; f__Beijerinckiaceae; g__Methylobacterium; s__Methylobacterium thiocyanatum	12.516571428571432	0.0004033583916537051	G001643095
d__Bacteria; p__Proteobacteria; c__Gammaproteobacteria; o__Pseudomonadales; f__Moraxellaceae; g__Acinetobacter; s__Acinetobacter junii	11.689575289575288	0.0006285124375720891	G001941805
d__Bacteria; p__Proteobacteria; c__Alphaproteobacteria; o__Rhizobiales; f__Xanthobacteraceae; g__Afipia; s__Afipia broomeae	11.52071428571428	0.0006882493907880901	G000314675
d__Bacteria; p__Proteobacteria; c__Alphaproteobacteria; o__Rhizobiales; f__Rhizobiaceae; g__Mesorhizobium; s__Mesorhizobium terrae	11.502008928571428	0.0006952101114123702	G000568555
d__Bacteria; p__Proteobacteria; c__Gammaproteobacteria; o__Burkholderiales; f__Burkholderiaceae; g__Curvibacter; s__Curvibacter lanceolatus	10.866799680766158	0.000979035653498256	G000381265
d__Bacteria; p__Proteobacteria; c__Gammaproteobacteria; o__Burkholderiales; f__Rhodocyclaceae; g__Fluviibacter; s__Fluviibacter phosphoraccumulans	10.793650793650794	0.0010184881791311575	G009938305
d__Bacteria; p__Proteobacteria; c__Gammaproteobacteria; o__Burkholderiales; f__Burkholderiaceae; g__Comamonas; s__Comamonas acidovorans	10.448979591836732	0.0012271722863991083	G000018665
d__Bacteria; p__Proteobacteria; c__Gammaproteobacteria; o__Pseudomonadales; f__Pseudomonadaceae; g__Pseudomonas_E; s__Pseudomonas_E paraversuta	10.416666666666664	0.0012488309880884267	G001543265
d__Bacteria; p__Firmicutes; c__Bacilli; o__Lactobacillales; f__Aerococcaceae; g__Trichococcus; s__Trichococcus flocculiformis	10.026530612244898	0.001543013992018232	G900113645
d__Bacteria; p__Proteobacteria; c__Alphaproteobacteria; o__Sphingomonadales; f__Sphingomonadaceae; g__Sphingomonas; s__Sphingomonas echinoides	9.955555555555556	0.0016036472624141077	G000241465
d__Bacteria; p__Firmicutes_A; c__Clostridia; o__Lachnospirales; f__Lachnospiraceae; g__Bariatricus; s__Bariatricus comes	9.35064935064935	0.002229064778315457	G000155875
d__Bacteria; p__Proteobacteria; c__Gammaproteobacteria; o__Nevskiales; f__Nevskiaceae; g__Fontimonas; s__Fontimonas thermophila	9.099999999999998	0.002556094948229417	G900113085
d__Bacteria; p__Proteobacteria; c__Alphaproteobacteria; o__Rhizobiales; f__Beijerinckiaceae; g__Methylobacterium; s__Methylobacterium thiocyanatum	8.714880952380952	0.0031562302827020023	G000019945
d__Bacteria; p__Proteobacteria; c__Gammaproteobacteria; o__Burkholderiales; f__Burkholderiaceae; g__Limnohabitans_A; s__Limnohabitans_A sp001412575	8.512018140589573	0.0035280856501243127	G001412575
d__Bacteria; p__Proteobacteria; c__Gammaproteobacteria; o__Burkholderiales; f__Burkholderiaceae; g__Polynucleobacter; s__Polynucleobacter sp001830325	7.944599303135889	0.0048231096157771965	G001830325
d__Bacteria; p__Proteobacteria; c__Gammaproteobacteria; o__Pseudomonadales; f__Moraxellaceae; g__Acinetobacter; s__Acinetobacter johnsonii	7.758743842364534	0.005345312384342836	G001828765
d__Bacteria; p__Proteobacteria; c__Alphaproteobacteria; o__Sphingomonadales; f__Sphingomonadaceae; g__Sphingomonas; s__Sphingomonas sp001421805	7.55714285714285	0.00597726809246345	G001421805
d__Bacteria; p__Firmicutes; c__Bacilli; o__Staphylococcales; f__Staphylococcaceae; g__Staphylococcus; s__Staphylococcus hominis	7.501298701298702	0.00616545173195451	G000183685
d__Bacteria; p__Firmicutes; c__Bacilli; o__Staphylococcales; f__Staphylococcaceae; g__Staphylococcus; s__Staphylococcus capitis	7.375238095238094	0.0066128035320945616	G001028645
d__Bacteria; p__Firmicutes_A; c__Clostridia; o__Lachnospirales; f__Lachnospiraceae; g__Blautia_A; s__Blautia_A obeum	7.375238095238094	0.0066128035320945616	G000153905
d__Bacteria; p__Patescibacteria; c__Paceibacteria; o__UBA9983_A; f__UBA2103; g__1-14-0-10-45-20; s__1-14-0-10-45-20 sp007378985	7.375238095238094	0.0066128035320945616	G007378985
d__Bacteria; p__Actinobacteriota; c__Actinomycetia; o__Mycobacteriales; f__Mycobacteriaceae; g__Corynebacterium; s__Corynebacterium glucuronolyticum	7.360219780219779	0.006668264034384331	G000156595
d__Bacteria; p__Bacteroidota; c__Bacteroidia; o__Flavobacteriales; f__Weeksellaceae; g__Planobacterium; s__Planobacterium taklimakanense	7.142857142857144	0.007526315166457886	G003860485
d__Bacteria; p__Actinobacteriota; c__Actinomycetia; o__Actinomycetales; f__Micrococcaceae; g__Kocuria; s__Kocuria palustris	6.936640211640209	0.008444758710643558	G001275345
d__Bacteria; p__Bacteroidota; c__Bacteroidia; o__Bacteroidales; f__Bacteroidaceae; g__Prevotella; s__Prevotella copri	6.928337236533958	0.00848405294560329	G000157935
d__Bacteria; p__Bacteroidota; c__Bacteroidia; o__Bacteroidales; f__Bacteroidaceae; g__Bacteroides; s__Bacteroides thetaiotaomicron	6.888961038961039	0.008672966299931516	G000437995
d__Bacteria; p__Bacteroidota; c__Bacteroidia; o__Bacteroidales; f__Tannerellaceae; g__Parabacteroides; s__Parabacteroides distasonis	6.872727272727275	0.008752098598924323	G000012845
d__Bacteria; p__Proteobacteria; c__Gammaproteobacteria; o__Burkholderiales; f__Rhodocyclaceae; g__UBA2250; s__UBA2250 sp004323595	6.694897959183672	0.00966892023757624	G004323595
d__Bacteria; p__Firmicutes; c__Bacilli; o__Staphylococcales; f__Staphylococcaceae; g__Staphylococcus; s__Staphylococcus capitis	6.694897959183672	0.00966892023757624	G001471555
d__Bacteria; p__Actinobacteriota; c__Actinomycetia; o__Nanopelagicales; f__Nanopelagicaceae; g__Nanopelagicus; s__Nanopelagicus sp000294575	6.496491228070173	0.010808759630810521	G000378905
d__Bacteria; p__Proteobacteria; c__Gammaproteobacteria; o__Pseudomonadales; f__Pseudomonadaceae; g__Pseudomonas; s__Pseudomonas aeruginosa	6.478138528138524	0.010920929733093063	G009727125
d__Bacteria; p__Actinobacteriota; c__Actinomycetia; o__Mycobacteriales; f__Mycobacteriaceae; g__Corynebacterium; s__Corynebacterium pseudodiphtheriticum	6.300000000000001	0.012073797243122903	G000466825
d__Bacteria; p__Actinobacteriota; c__Actinomycetia; o__Actinomycetales; f__Micrococcaceae; g__Micrococcus; s__Micrococcus lylae	6.300000000000001	0.012073797243122903	G002206575
d__Bacteria; p__Firmicutes_A; c__Clostridia; o__Oscillospirales; f__Ruminococcaceae; g__Gemmiger; s__Gemmiger formicilis	6.094470046082949	0.013560559068111919	G902363055
d__Bacteria; p__Actinobacteriota; c__Actinomycetia; o__Mycobacteriales; f__Mycobacteriaceae; g__Corynebacterium; s__Corynebacterium simulans	6.090285714285711	0.013592710463646537	G001586215
d__Bacteria; p__Actinobacteriota; c__Actinomycetia; o__Actinomycetales; f__Microbacteriaceae; g__Rhodoluna; s__Rhodoluna limnophila	6.071428571428571	0.013738579956736417	G005845345
d__Bacteria; p__Proteobacteria; c__Alphaproteobacteria; o__Caulobacterales; f__Caulobacteraceae; g__Brevundimonas; s__Brevundimonas nasdae_A	6.071428571428571	0.013738579956736417	G000813765
d__Bacteria; p__Proteobacteria; c__Gammaproteobacteria; o__Pseudomonadales; f__Moraxellaceae; g__Moraxella_A; s__Moraxella_A cinereus	6.0175824175824175	0.014164036500465611	G001188545
d__Bacteria; p__Firmicutes; c__Bacilli; o__Lactobacillales; f__Streptococcaceae; g__Streptococcus; s__Streptococcus thermophilus	6.0175824175824175	0.014164036500465611	G000253395
d__Bacteria; p__Proteobacteria; c__Gammaproteobacteria; o__Pseudomonadales; f__Moraxellaceae; g__Acinetobacter; s__Acinetobacter baumannii	6.0175824175824175	0.014164036500465611	G000746645
d__Bacteria; p__Bacteroidota; c__Bacteroidia; o__Bacteroidales; f__Bacteroidaceae; g__Bacteroides; s__Bacteroides cellulosilyticus	5.952380952380953	0.014697421770023516	G001318345
d__Bacteria; p__Verrucomicrobiota; c__Verrucomicrobiae; o__Opitutales; f__Opitutaceae; g__IMCC26134_A; s__IMCC26134_A sp000972765	5.851428571428574	0.015564411386633786	G000972765
d__Bacteria; p__Firmicutes_A; c__Clostridia; o__Oscillospirales; f__Ruminococcaceae; g__Gemmiger; s__Gemmiger qucibialis	5.691632653061221	0.01704598843038671	G003324125
d__Bacteria; p__Proteobacteria; c__Alphaproteobacteria; o__Sphingomonadales; f__Sphingomonadaceae; g__Sphingorhabdus_B; s__Sphingorhabdus_B lacus	5.610861865407321	0.0178494816371441	G009768975
d__Bacteria; p__Proteobacteria; c__Gammaproteobacteria; o__Burkholderiales; f__Burkholderiaceae; g__Rhodoferax; s__Rhodoferax sp001771065	5.6	0.01796047752607879	G001771065
d__Bacteria; p__Proteobacteria; c__Gammaproteobacteria; o__Burkholderiales; f__Burkholderiaceae; g__Hylemonella; s__Hylemonella sp001432305	5.6	0.01796047752607879	G001432305
d__Bacteria; p__Actinobacteriota; c__Actinomycetia; o__Mycobacteriales; f__Mycobacteriaceae; g__Corynebacterium; s__Corynebacterium pseudodiphtheriticum	5.6	0.01796047752607879	G000688415
d__Bacteria; p__Proteobacteria; c__Gammaproteobacteria; o__Pseudomonadales; f__Pseudomonadaceae; g__Pseudomonas; s__Pseudomonas aeruginosa	5.6	0.01796047752607879	G004352485
d__Bacteria; p__Actinobacteriota; c__Acidimicrobiia; o__Acidimicrobiales; f__SZUA-35; g__CADEDH01; s__CADEDH01 sp902826025	5.54430992736077	0.018540865764042576	G902826025
d__Bacteria; p__Bacteroidota; c__Bacteroidia; o__Flavobacteriales; f__Flavobacteriaceae; g__Flavobacterium; s__Flavobacterium branchiophilum	5.432142857142857	0.019769406440668026	G000253275
d__Bacteria; p__Actinobacteriota; c__Actinomycetia; o__Nanopelagicales; f__Nanopelagicaceae; g__Planktophila; s__Planktophila sp000378885	5.34404761904762	0.020793139247777485	G000378885
d__Bacteria; p__Proteobacteria; c__Gammaproteobacteria; o__Diplorickettsiales; f__Diplorickettsiaceae; g__Aquirickettsiella; s__Aquirickettsiella isopodorum	5.291005291005292	0.0214358424745597	G001881495
d__Bacteria; p__Firmicutes_A; c__Clostridia; o__Oscillospirales; f__Acutalibacteraceae; g__Ruminococcus_E; s__Ruminococcus_E sp003526955	5.291005291005292	0.0214358424745597	G000436775
d__Bacteria; p__Proteobacteria; c__Alphaproteobacteria; o__Sphingomonadales; f__Sphingomonadaceae; g__Sphingobium; s__Sphingobium yanoikuyae	5.289795918367348	0.021450733686322034	G000315525
d__Bacteria; p__Proteobacteria; c__Gammaproteobacteria; o__Pseudomonadales; f__Pseudomonadaceae; g__Pseudomonas; s__Pseudomonas aeruginosa	5.274725274725274	0.02163720205331782	G004796175
d__Bacteria; p__Proteobacteria; c__Gammaproteobacteria; o__Pseudomonadales; f__Moraxellaceae; g__Acinetobacter; s__Acinetobacter schindleri	5.143290043290045	0.023336382555709256	G000368625
d__Bacteria; p__Proteobacteria; c__Alphaproteobacteria; o__Sphingomonadales; f__Sphingomonadaceae; g__Novosphingobium; s__Novosphingobium aromaticivorans	4.977777777777778	0.025674942578765007	G000013325
d__Bacteria; p__Proteobacteria; c__Gammaproteobacteria; o__Burkholderiales; f__Burkholderiaceae; g__Pseudoduganella; s__Pseudoduganella sp001191005	4.899999999999999	0.02685669550752441	G001191005
d__Bacteria; p__Firmicutes; c__Bacilli; o__Lactobacillales; f__Aerococcaceae; g__Aerococcus; s__Aerococcus viridans	4.899999999999999	0.02685669550752441	G001543285
d__Bacteria; p__Actinobacteriota; c__Actinomycetia; o__Mycobacteriales; f__Mycobacteriaceae; g__Corynebacterium; s__Corynebacterium pseudodiphtheriticum	4.899999999999999	0.02685669550752441	G001665955
d__Bacteria; p__Patescibacteria; c__Saccharimonadia; o__Saccharimonadales; f__Saccharimonadaceae; g__Saccharimonas; s__Saccharimonas aalborgensis	4.828571428571429	0.027991815485665764	G000392435
d__Bacteria; p__Proteobacteria; c__Gammaproteobacteria; o__Burkholderiales; f__Burkholderiaceae; g__Giesbergeria; s__Giesbergeria sp010020825	4.80095238095238	0.02844400909910181	G010020825
d__Bacteria; p__Actinobacteriota; c__Actinomycetia; o__Nanopelagicales; f__Nanopelagicaceae; g__Planktophila; s__	4.80095238095238	0.02844400909910181	G000372265
d__Bacteria; p__Actinobacteriota; c__Actinomycetia; o__Mycobacteriales; f__Mycobacteriaceae; g__Corynebacterium; s__Corynebacterium otitidis	4.753571428571428	0.0292375527604395	G000296405
d__Bacteria; p__Proteobacteria; c__Gammaproteobacteria; o__Enterobacterales; f__Enterobacteriaceae; g__Klebsiella; s__Klebsiella pneumoniae	4.686428571428573	0.030401774459418475	G000240185
d__Bacteria; p__Firmicutes_A; c__Clostridia; o__Lachnospirales; f__Lachnospiraceae; g__Mediterraneibacter; s__Mediterraneibacter faecis	4.675324675324675	0.030598918333522972	G001312505
d__Bacteria; p__Proteobacteria; c__Gammaproteobacteria; o__Burkholderiales; f__Burkholderiaceae; g__Comamonas; s__Comamonas aquatica	4.675324675324675	0.030598918333522972	G000935165
d__Bacteria; p__Proteobacteria; c__Gammaproteobacteria; o__Burkholderiales; f__Burkholderiaceae; g__Polynucleobacter; s__Polynucleobacter difficilis	4.675324675324675	0.030598918333522972	G003065365
d__Bacteria; p__Proteobacteria; c__Gammaproteobacteria; o__Pseudomonadales; f__Moraxellaceae; g__Acinetobacter; s__Acinetobacter indicus	4.581818181818182	0.03231291124324416	G000488255
d__Bacteria; p__Proteobacteria; c__Gammaproteobacteria; o__Enterobacterales; f__Aeromonadaceae; g__Tolumonas; s__Tolumonas auensis	4.520779220779221	0.033485577087499094	G000023065
d__Bacteria; p__Proteobacteria; c__Alphaproteobacteria; o__Caulobacterales; f__Caulobacteraceae; g__Phenylobacterium; s__Phenylobacterium sp002256425	4.505357142857142	0.033788839383669625	G002256425
d__Bacteria; p__Firmicutes; c__Bacilli; o__Staphylococcales; f__Staphylococcaceae; g__Staphylococcus; s__Staphylococcus saprophyticus	4.500892857142857	0.0338771603923597	G000010125
d__Bacteria; p__Bacteroidota; c__Bacteroidia; o__Bacteroidales; f__Bacteroidaceae; g__Phocaeicola; s__Phocaeicola plebeius	4.402380952380952	0.035888792301609546	G000187895
d__Bacteria; p__Proteobacteria; c__Gammaproteobacteria; o__Enterobacterales; f__Enterobacteriaceae; g__Proteus; s__Proteus mirabilis	4.371428571428572	0.036546340731335725	G000069965
d__Bacteria; p__Proteobacteria; c__Gammaproteobacteria; o__Pseudomonadales; f__Moraxellaceae; g__Acinetobacter; s__Acinetobacter brisouii	4.285714285714285	0.03843393023678176	G000488275
d__Bacteria; p__Actinobacteriota; c__Actinomycetia; o__Actinomycetales; f__Actinomycetaceae; g__Actinomyces; s__Actinomyces oris_A	4.224175824175825	0.03985196920853123	G001553935
d__Bacteria; p__Proteobacteria; c__Gammaproteobacteria; o__Burkholderiales; f__Burkholderiaceae; g__Massilia; s__Massilia timonae	4.2	0.040423979336908625	G001866515
d__Bacteria; p__Bacteroidota; c__Bacteroidia; o__Chitinophagales; f__Chitinophagaceae; g__Sediminibacterium; s__Sediminibacterium sp000438985	4.2	0.040423979336908625	G000438985
d__Bacteria; p__Proteobacteria; c__Gammaproteobacteria; o__Burkholderiales; f__Burkholderiaceae; g__Extensimonas; s__Extensimonas perlucida	4.2	0.040423979336908625	G007655255
d__Bacteria; p__Actinobacteriota; c__Actinomycetia; o__Mycobacteriales; f__Mycobacteriaceae; g__Corynebacterium; s__Corynebacterium pseudodiphtheriticum	4.2	0.040423979336908625	G000477935
d__Bacteria; p__Proteobacteria; c__Gammaproteobacteria; o__Burkholderiales; f__Aquaspirillaceae; g__Laribacter; s__Laribacter hongkongensis	4.179591836734693	0.04091355298449668	G000021025
d__Bacteria; p__Proteobacteria; c__Gammaproteobacteria; o__Pseudomonadales; f__Moraxellaceae; g__Acinetobacter; s__Acinetobacter gerneri	4.179591836734693	0.04091355298449668	G000368565
d__Bacteria; p__Proteobacteria; c__Alphaproteobacteria; o__Sphingomonadales; f__Sphingomonadaceae; g__Novosphingobium; s__Novosphingobium sp001295795	4.13753799392097	0.041942128895244395	G001295795
d__Bacteria; p__Firmicutes; c__Bacilli; o__Lactobacillales; f__Streptococcaceae; g__Streptococcus; s__Streptococcus thermophilus	4.012857142857142	0.04515456962427879	G001514435
d__Bacteria; p__Firmicutes_A; c__Clostridia; o__Eubacteriales; f__Eubacteriaceae; g__Pseudoramibacter; s__Pseudoramibacter alactolyticus	4.012857142857142	0.04515456962427879	G000185505
d__Bacteria; p__Proteobacteria; c__Gammaproteobacteria; o__Burkholderiales; f__Burkholderiaceae; g__Xenophilus; s__Xenophilus azovorans	4.004761904761904	0.0453719050658388	G000745855
d__Bacteria; p__Proteobacteria; c__Gammaproteobacteria; o__Pseudomonadales; f__Moraxellaceae; g__Acinetobacter; s__Acinetobacter pseudolwoffii	3.8209606986899534	0.05061520920811885	G000369105
d__Bacteria; p__Proteobacteria; c__Gammaproteobacteria; o__Pseudomonadales; f__Moraxellaceae; g__Acinetobacter; s__Acinetobacter parvus	3.8036544850498375	0.05114084923603606	G000368025
d__Bacteria; p__Firmicutes_A; c__Clostridia; o__Lachnospirales; f__Lachnospiraceae; g__Anaerostipes; s__Anaerostipes hadrus	3.7251700680272117	0.05359816939334968	G000332875
d__Bacteria; p__Proteobacteria; c__Gammaproteobacteria; o__Pseudomonadales; f__Moraxellaceae; g__Acinetobacter; s__Acinetobacter tandoii	3.6449735449735456	0.05623869732977249	G000400735
d__Bacteria; p__Firmicutes; c__Bacilli; o__Lactobacillales; f__Streptococcaceae; g__Streptococcus; s__Streptococcus salivarius	3.570329670329669	0.058820632549582814	G000785515
d__Bacteria; p__Firmicutes_A; c__Clostridia; o__Lachnospirales; f__Lachnospiraceae; g__Eisenbergiella; s__	3.570329670329669	0.058820632549582814	G900066525
d__Bacteria; p__Proteobacteria; c__Gammaproteobacteria; o__Burkholderiales; f__Burkholderiaceae; g__Acidovorax_C; s__Acidovorax_C caeni	3.5164835164835155	0.06076123666389782	G001298675
d__Bacteria; p__Firmicutes_A; c__Clostridia; o__Lachnospirales; f__Lachnospiraceae; g__Dorea; s__Dorea formicigenerans	3.499999999999999	0.0613688291394019	G000169235
d__Bacteria; p__Firmicutes; c__Bacilli; o__Staphylococcales; f__Staphylococcaceae; g__Staphylococcus; s__Staphylococcus epidermidis	3.499999999999999	0.0613688291394019	G000934225
d__Bacteria; p__Firmicutes; c__Bacilli; o__Staphylococcales; f__Staphylococcaceae; g__Staphylococcus; s__Staphylococcus epidermidis	3.499999999999999	0.0613688291394019	G000443975
d__Bacteria; p__Firmicutes; c__Bacilli; o__Staphylococcales; f__Staphylococcaceae; g__Staphylococcus; s__Staphylococcus epidermidis	3.499999999999999	0.0613688291394019	G001914135
d__Bacteria; p__Proteobacteria; c__Gammaproteobacteria; o__Burkholderiales; f__Burkholderiaceae; g__Rhodoferax; s__Rhodoferax ferrireducens	3.499999999999999	0.0613688291394019	G000013605
d__Bacteria; p__Firmicutes_A; c__Clostridia; o__Oscillospirales; f__Ruminococcaceae; g__Ruminococcus_D; s__Ruminococcus_D bicirculans	3.499999999999999	0.0613688291394019	G000723465
d__Bacteria; p__Firmicutes; c__Bacilli; o__Staphylococcales; f__Staphylococcaceae; g__Staphylococcus; s__Staphylococcus epidermidis	3.499999999999999	0.0613688291394019	G000308395
d__Bacteria; p__Firmicutes; c__Bacilli; o__Staphylococcales; f__Staphylococcaceae; g__Staphylococcus; s__Staphylococcus epidermidis	3.499999999999999	0.0613688291394019	G000245655
d__Bacteria; p__Firmicutes; c__Bacilli; o__Staphylococcales; f__Staphylococcaceae; g__Staphylococcus; s__Staphylococcus epidermidis	3.499999999999999	0.0613688291394019	G000007645
d__Bacteria; p__Patescibacteria; c__Saccharimonadia; o__Saccharimonadales; f__UBA1547; g__UBA6175; s__UBA6175 sp004100325	3.499999999999999	0.0613688291394019	G004100325
d__Bacteria; p__Proteobacteria; c__Gammaproteobacteria; o__Burkholderiales; f__Burkholderiaceae; g__Rubrivivax; s__Rubrivivax gelatinosus_A	3.499999999999999	0.0613688291394019	G000284255
d__Bacteria; p__Proteobacteria; c__Gammaproteobacteria; o__Pseudomonadales; f__Moraxellaceae; g__Acinetobacter; s__Acinetobacter bereziniae	3.3716748768472913	0.06632629378443608	G000368925
d__Bacteria; p__Proteobacteria; c__Gammaproteobacteria; o__Pseudomonadales; f__Pseudomonadaceae; g__Pseudomonas; s__Pseudomonas aeruginosa	3.3587301587301583	0.06684959775307805	G004352045
d__Bacteria; p__Proteobacteria; c__Gammaproteobacteria; o__Burkholderiales; f__Burkholderiaceae; g__Rugamonas; s__Rugamonas rubra	3.325473321858861	0.06821437678799766	G900114705
d__Bacteria; p__Actinobacteriota; c__Actinomycetia; o__Actinomycetales; f__Microbacteriaceae; g__Leucobacter; s__Leucobacter sp002336855	3.29472049689441	0.06950293591548865	G002336855
d__Bacteria; p__Patescibacteria; c__Saccharimonadia; o__Saccharimonadales; f__Saccharimonadaceae; g__Saccharimonas; s__Saccharimonas aalborgensis	3.2190476190476187	0.07278596644026208	G002337155
d__Bacteria; p__Proteobacteria; c__Gammaproteobacteria; o__Burkholderiales; f__Burkholderiaceae; g__Cupriavidus; s__Cupriavidus metallidurans	3.2190476190476187	0.07278596644026208	G000196015
d__Bacteria; p__Proteobacteria; c__Gammaproteobacteria; o__Burkholderiales; f__Burkholderiaceae; g__Rhizobacter; s__Rhizobacter sp001425785	3.1680124223602486	0.07509378016867325	G001425785
d__Bacteria; p__Patescibacteria; c__Saccharimonadia; o__Saccharimonadales; f__UBA1547; g__UBA6175; s__UBA6175 sp001897305	3.111428571428572	0.07774474244880275	G001897305
d__Bacteria; p__Actinobacteriota; c__Actinomycetia; o__Mycobacteriales; f__Mycobacteriaceae; g__Corynebacterium; s__Corynebacterium pyruviciproducens	3.091558441558441	0.07869940100776335	G000411375
d__Bacteria; p__Firmicutes; c__Bacilli; o__Lactobacillales; f__Aerococcaceae; g__Jeotgalibaca; s__Jeotgalibaca porci	3.0249999999999986	0.08199032100038281	G011299095
d__Bacteria; p__Patescibacteria; c__Paceibacteria; o__UBA9983_A; f__UBA9973; g__UBA9973; s__UBA9973 sp000989515	2.8571428571428577	0.09096894797535764	G003542535
d__Bacteria; p__Firmicutes; c__Bacilli; o__Staphylococcales; f__Staphylococcaceae; g__Staphylococcus; s__Staphylococcus epidermidis	2.8	0.09426430684121058	G900113395
d__Bacteria; p__Proteobacteria; c__Gammaproteobacteria; o__Chromatiales; f__Chromatiaceae; g__Achromatium; s__	2.8	0.09426430684121058	G001276625
d__Bacteria; p__Firmicutes; c__Bacilli; o__Staphylococcales; f__Staphylococcaceae; g__Staphylococcus; s__	2.8	0.09426430684121058	G000009865
d__Bacteria; p__Firmicutes_A; c__Clostridia; o__Lachnospirales; f__Lachnospiraceae; g__Schaedlerella; s__Schaedlerella sp900066545	2.8	0.09426430684121058	G900066545
d__Bacteria; p__Firmicutes; c__Bacilli; o__Staphylococcales; f__Staphylococcaceae; g__Staphylococcus; s__Staphylococcus epidermidis	2.8	0.09426430684121058	G000186205
d__Bacteria; p__Bacteroidota; c__Bacteroidia; o__Flavobacteriales; f__Flavobacteriaceae; g__Flavobacterium; s__Flavobacterium gilvum	2.8	0.09426430684121058	G001761465
d__Bacteria; p__Proteobacteria; c__Alphaproteobacteria; o__Caulobacterales; f__Caulobacteraceae; g__Caulobacter; s__Caulobacter henricii_A	2.772154963680385	0.09591695194908917	G000744465
d__Bacteria; p__Firmicutes_A; c__Clostridia; o__Oscillospirales; f__Ruminococcaceae; g__Ruminococcus_C; s__Ruminococcus_C sp000433635	2.7160714285714285	0.09934224785346533	G000980235
d__Bacteria; p__Firmicutes; c__Bacilli; o__Lactobacillales; f__Enterococcaceae; g__Enterococcus_I; s__Enterococcus_I aquimarinus	2.7063775510204064	0.09994771537362865	G001885765
d__Bacteria; p__Spirochaetota; c__Spirochaetia; o__Treponematales; f__Treponemataceae; g__Treponema_F; s__	2.6698412698412692	0.10226622249159979	G001028525
d__Bacteria; p__Proteobacteria; c__Gammaproteobacteria; o__Pseudomonadales; f__Moraxellaceae; g__Acinetobacter; s__Acinetobacter johnsonii	2.660575858250275	0.10286348786863622	G001484935
d__Bacteria; p__Proteobacteria; c__Gammaproteobacteria; o__Pseudomonadales; f__Pseudomonadaceae; g__Pseudomonas_E; s__Pseudomonas_E lurida	2.479395604395606	0.1153465700343089	G001708485
d__Bacteria; p__Firmicutes; c__Bacilli; o__Lactobacillales; f__Aerococcaceae; g__Trichococcus; s__Trichococcus shcherbakoviae	2.457467532467532	0.11696722987709807	G900416805
d__Bacteria; p__Firmicutes; c__Bacilli; o__Lactobacillales; f__Streptococcaceae; g__Streptococcus; s__Streptococcus mitis_AR	2.4142857142857146	0.12023280053681158	G000027165
d__Bacteria; p__Proteobacteria; c__Gammaproteobacteria; o__Burkholderiales; f__Burkholderiaceae; g__Melaminivora; s__Melaminivora alkalimesophila	2.401298701298701	0.12123456632376022	G000282995
d__Bacteria; p__Bacteroidota; c__Bacteroidia; o__Bacteroidales; f__Bacteroidaceae; g__Phocaeicola; s__Phocaeicola coprocola	2.254081632653061	0.13326249255250486	G000154845
d__Bacteria; p__Proteobacteria; c__Gammaproteobacteria; o__Burkholderiales; f__Burkholderiaceae; g__Hydrogenophaga; s__Hydrogenophaga sp009859475	2.254081632653061	0.13326249255250486	G009859475
d__Archaea; p__Halobacteriota; c__Methanosarcinia; o__Methanotrichales; f__Methanotrichaceae; g__Methanothrix; s__Methanothrix soehngenii	2.18076923076923	0.13974460066408712	G000204415
d__Bacteria; p__Proteobacteria; c__Gammaproteobacteria; o__Enterobacterales; f__Enterobacteriaceae; g__Phytobacter; s__Phytobacter ursingii	2.1	0.14729913862267172	G001022135
d__Bacteria; p__Proteobacteria; c__Gammaproteobacteria; o__Burkholderiales; f__Burkholderiaceae; g__Ralstonia; s__Ralstonia mannitolilytica	2.1	0.14729913862267172	G000954135
d__Bacteria; p__Proteobacteria; c__Gammaproteobacteria; o__Burkholderiales; f__Burkholderiaceae; g__Polynucleobacter; s__Polynucleobacter necessarius_D	2.1	0.14729913862267172	G000019745
d__Bacteria; p__Proteobacteria; c__Gammaproteobacteria; o__Pseudomonadales; f__Moraxellaceae; g__Acinetobacter; s__Acinetobacter bouvetii	2.1	0.14729913862267172	G000368865
d__Bacteria; p__Firmicutes; c__Bacilli; o__Staphylococcales; f__Staphylococcaceae; g__Staphylococcus; s__Staphylococcus haemolyticus	2.1	0.14729913862267172	G001075215
d__Bacteria; p__Proteobacteria; c__Gammaproteobacteria; o__Enterobacterales; f__Enterobacteriaceae; g__Escherichia; s__Escherichia coli	2.1	0.14729913862267172	G000777575
d__Bacteria; p__Firmicutes; c__Bacilli; o__Staphylococcales; f__Staphylococcaceae; g__Staphylococcus; s__Staphylococcus epidermidis	2.1	0.14729913862267172	G001068545
d__Bacteria; p__Firmicutes; c__Bacilli; o__Staphylococcales; f__Staphylococcaceae; g__Staphylococcus; s__Staphylococcus epidermidis	2.1	0.14729913862267172	G001814805
d__Bacteria; p__Proteobacteria; c__Gammaproteobacteria; o__Burkholderiales; f__Burkholderiaceae; g__Variovorax; s__Variovorax sp000620225	2.1	0.14729913862267172	G000620225
d__Bacteria; p__Spirochaetota; c__Spirochaetia; o__Treponematales; f__Treponemataceae; g__Treponema_F; s__	2.1	0.14729913862267172	G001028545
d__Bacteria; p__Proteobacteria; c__Gammaproteobacteria; o__Xanthomonadales; f__Xanthomonadaceae; g__Stenotrophomonas; s__Stenotrophomonas acidaminiphila	2.0897959183673467	0.14828587805544052	G001314305
d__Bacteria; p__Proteobacteria; c__Gammaproteobacteria; o__Enterobacterales; f__Enterobacteriaceae; g__Klebsiella; s__Klebsiella pneumoniae	1.8892857142857147	0.16928250800051758	G008033425
d__Bacteria; p__Proteobacteria; c__Gammaproteobacteria; o__Burkholderiales; f__Burkholderiaceae; g__Rubrivivax; s__Rubrivivax sp001295905	1.8875576036866357	0.16947765712151597	G001295905
d__Bacteria; p__Actinobacteriota; c__Actinomycetia; o__Propionibacteriales; f__Propionibacteriaceae; g__Cutibacterium; s__Cutibacterium avidum	1.8875576036866357	0.16947765712151597	G000367205
d__Bacteria; p__Proteobacteria; c__Gammaproteobacteria; o__Pseudomonadales; f__Pseudomonadaceae; g__Pseudomonas; s__Pseudomonas aeruginosa	1.8514285714285708	0.1736173344249397	G004352505
d__Bacteria; p__Proteobacteria; c__Gammaproteobacteria; o__Pseudomonadales; f__Pseudomonadaceae; g__Pseudomonas_E; s__Pseudomonas_E mendocina_A	1.8514285714285708	0.1736173344249397	G000016565
d__Bacteria; p__Proteobacteria; c__Gammaproteobacteria; o__Burkholderiales; f__Rhodocyclaceae; g__Thauera; s__Thauera sp002354895	1.8514285714285708	0.1736173344249397	G002354895
d__Bacteria; p__Actinobacteriota; c__Actinomycetia; o__Mycobacteriales; f__Mycobacteriaceae; g__Corynebacterium; s__Corynebacterium aurimucosum	1.8514285714285708	0.1736173344249397	G000022905
d__Bacteria; p__Firmicutes_A; c__Clostridia; o__Lachnospirales; f__Lachnospiraceae; g__UMGS1375; s__UMGS1375 sp900066615	1.8514285714285708	0.1736173344249397	G902363685
d__Bacteria; p__Patescibacteria; c__Paceibacteria; o__Paceibacterales; f__UBA5633; g__MWCK01; s__MWCK01 sp002070005	1.8514285714285708	0.1736173344249397	G002070005
d__Bacteria; p__Proteobacteria; c__Gammaproteobacteria; o__Pseudomonadales; f__Moraxellaceae; g__Acinetobacter; s__Acinetobacter lwoffii_D	1.8285714285714283	0.17629637444050736	G001878775
d__Bacteria; p__Proteobacteria; c__Gammaproteobacteria; o__Pseudomonadales; f__Moraxellaceae; g__Acinetobacter; s__Acinetobacter bohemicus	1.7928264868179045	0.18058216264118268	G900116265
d__Bacteria; p__Deinococcota; c__Deinococci; o__Deinococcales; f__Thermaceae; g__Thermus; s__Thermus thermophilus	1.791999999999999	0.18068267265759752	G000091545
d__Bacteria; p__Proteobacteria; c__Gammaproteobacteria; o__Pseudomonadales; f__Pseudomonadaceae; g__Pseudomonas; s__Pseudomonas aeruginosa	1.7582417582417578	0.1848439742275304	G004352345
d__Bacteria; p__Proteobacteria; c__Gammaproteobacteria; o__Burkholderiales; f__Burkholderiaceae; g__Variovorax; s__Variovorax ginsengisoli	1.7558441558441558	0.1851437241578693	G006438775
d__Bacteria; p__Firmicutes; c__Bacilli; o__Lactobacillales; f__Aerococcaceae; g__Trichococcus; s__Trichococcus flocculiformis	1.7485714285714284	0.18605642451935572	G900129415
d__Bacteria; p__Proteobacteria; c__Gammaproteobacteria; o__Pseudomonadales; f__Moraxellaceae; g__Acinetobacter; s__Acinetobacter beijerinckii	1.6095238095238094	0.20455875272054908	G000369005
d__Bacteria; p__Proteobacteria; c__Gammaproteobacteria; o__Enterobacterales; f__Enterobacteriaceae; g__Escherichia; s__Escherichia coli	1.6095238095238094	0.20455875272054908	G000781475
d__Bacteria; p__Proteobacteria; c__Gammaproteobacteria; o__Xanthomonadales; f__Xanthomonadaceae; g__Thermomonas; s__Thermomonas fusca	1.6095238095238094	0.20455875272054908	G000423885
d__Bacteria; p__Proteobacteria; c__Gammaproteobacteria; o__Burkholderiales; f__Burkholderiaceae; g__PBB1; s__PBB1 sp002255905	1.6095238095238094	0.20455875272054908	G002255905
d__Bacteria; p__Bacteroidota; c__Bacteroidia; o__Bacteroidales; f__Bacteroidaceae; g__Phocaeicola; s__Phocaeicola dorei	1.599999999999999	0.20590321073206483	G000436135
d__Bacteria; p__Proteobacteria; c__Gammaproteobacteria; o__Burkholderiales; f__Burkholderiaceae; g__Janthinobacterium; s__Janthinobacterium sp000344615	1.5187755102040827	0.21780488913183535	G000344615
d__Bacteria; p__Proteobacteria; c__Gammaproteobacteria; o__Pseudomonadales; f__Pseudomonadaceae; g__Pseudomonas_A; s__Pseudomonas_A balearica	1.5017857142857145	0.22039680493083996	G011106855
d__Bacteria; p__Spirochaetota; c__Spirochaetia; o__Treponematales; f__Treponemataceae; g__Treponema_F; s__	1.4880952380952384	0.22251222972590715	G001028585
d__Bacteria; p__Proteobacteria; c__Gammaproteobacteria; o__Pseudomonadales; f__Moraxellaceae; g__Acinetobacter; s__Acinetobacter sp001647675	1.4880952380952384	0.22251222972590715	G001647675
d__Bacteria; p__Firmicutes_A; c__Clostridia; o__Tissierellales; f__Peptoniphilaceae; g__Anaerococcus; s__Anaerococcus prevotii	1.4880952380952384	0.22251222972590715	G000024105
d__Bacteria; p__Proteobacteria; c__Gammaproteobacteria; o__Burkholderiales; f__Burkholderiaceae; g__Pelomonas; s__Pelomonas sp001425165	1.4785714285714282	0.2239981693745537	G001427705
d__Bacteria; p__Proteobacteria; c__Gammaproteobacteria; o__Burkholderiales; f__Burkholderiaceae; g__Undibacterium; s__Undibacterium sp009937955	1.4785714285714282	0.2239981693745537	G009937955
d__Bacteria; p__Actinobacteriota; c__Coriobacteriia; o__Coriobacteriales; f__Coriobacteriaceae; g__Collinsella; s__Collinsella aerofaciens_E	1.458333333333333	0.22719549110006101	G001404695
d__Bacteria; p__Bacteroidota; c__Bacteroidia; o__Bacteroidales; f__Bacteroidaceae; g__Bacteroides; s__Bacteroides thetaiotaomicron	1.429166666666667	0.2319004870645873	G000011065
d__Bacteria; p__Actinobacteriota; c__Actinomycetia; o__Nanopelagicales; f__Nanopelagicaceae; g__Nanopelagicus; s__Nanopelagicus sp000383815	1.4285714285714288	0.2319977236287307	G000383815
d__Bacteria; p__Proteobacteria; c__Gammaproteobacteria; o__Burkholderiales; f__Burkholderiaceae; g__Lampropedia; s__Lampropedia cohaerens	1.4285714285714288	0.2319977236287307	G001005215
d__Bacteria; p__Proteobacteria; c__Gammaproteobacteria; o__Pseudomonadales; f__Moraxellaceae; g__Acinetobacter; s__	1.4285714285714288	0.2319977236287307	G003072045
d__Bacteria; p__Proteobacteria; c__Gammaproteobacteria; o__Enterobacterales_A; f__Enterobacteriaceae_A; g__Buchnera; s__Buchnera aphidicola_BA	1.4	0.23672357063785393	G011754225
d__Bacteria; p__Proteobacteria; c__Gammaproteobacteria; o__Pseudomonadales; f__Pseudomonadaceae; g__Pseudomonas; s__	1.4	0.23672357063785393	G004352335
d__Bacteria; p__Proteobacteria; c__Gammaproteobacteria; o__Burkholderiales; f__Burkholderiaceae; g__Diaphorobacter; s__Diaphorobacter nitroreducens	1.4	0.23672357063785393	G001310795
d__Bacteria; p__Firmicutes; c__Bacilli; o__Lactobacillales; f__Lactobacillaceae; g__Lactobacillus; s__Lactobacillus crispatus	1.4	0.23672357063785393	G000091765
d__Bacteria; p__Proteobacteria; c__Gammaproteobacteria; o__Enterobacterales; f__Enterobacteriaceae; g__Escherichia; s__Escherichia coli	1.4	0.23672357063785393	G000777875
d__Bacteria; p__Firmicutes_A; c__Clostridia; o__Oscillospirales; f__Oscillospiraceae; g__CAG-83; s__CAG-83 sp000435555	1.4	0.23672357063785393	G000435555
d__Bacteria; p__Proteobacteria; c__Gammaproteobacteria; o__Pseudomonadales; f__Moraxellaceae; g__Acinetobacter; s__Acinetobacter sp000632455	1.3775510204081627	0.24051873846133565	G000632455
d__Bacteria; p__Proteobacteria; c__Gammaproteobacteria; o__Pseudomonadales; f__Pseudomonadaceae; g__Pseudomonas_E; s__Pseudomonas_E putida_T	1.3349206349206346	0.247931714694016	G002741075
d__Bacteria; p__Proteobacteria; c__Gammaproteobacteria; o__Enterobacterales; f__Enterobacteriaceae; g__Escherichia; s__Escherichia coli	1.3349206349206346	0.247931714694016	G000012005
d__Bacteria; p__Proteobacteria; c__Gammaproteobacteria; o__Pseudomonadales; f__Moraxellaceae; g__Acinetobacter; s__Acinetobacter gyllenbergii	1.303809523809523	0.25351854102802673	G000488195
d__Bacteria; p__Proteobacteria; c__Gammaproteobacteria; o__Burkholderiales; f__Burkholderiaceae; g__Polynucleobacter; s__Polynucleobacter asymbioticus	1.2964285714285717	0.2548666180544789	G000016345
d__Bacteria; p__Firmicutes_A; c__Clostridia; o__Tissierellales; f__Peptoniphilaceae; g__Finegoldia; s__Finegoldia magna_H	1.2964285714285717	0.2548666180544789	G000010185
d__Bacteria; p__Proteobacteria; c__Alphaproteobacteria; o__Sphingomonadales; f__Sphingomonadaceae; g__Novosphingobium; s__Novosphingobium barchaimii	1.2903147699757853	0.2559899506697858	G001046635
d__Bacteria; p__Proteobacteria; c__Gammaproteobacteria; o__Burkholderiales; f__Burkholderiaceae; g__Polynucleobacter; s__Polynucleobacter duraquae	1.2432142857142847	0.26485248063745315	G000973625
d__Bacteria; p__Proteobacteria; c__Alphaproteobacteria; o__Sphingomonadales; f__Sphingomonadaceae; g__Sphingomonas; s__Sphingomonas aquatilis	1.231778425655977	0.26706145523269037	G001761345
d__Bacteria; p__Bacteroidota; c__Bacteroidia; o__Bacteroidales; f__Bacteroidaceae; g__Phocaeicola; s__Phocaeicola vulgatus	1.1739251040221892	0.27859620270433794	G000438035
d__Bacteria; p__Bacteroidota; c__Bacteroidia; o__Bacteroidales; f__Bacteroidaceae; g__Bacteroides; s__	1.1679536679536673	0.27982210590381956	G001314995
d__Bacteria; p__Proteobacteria; c__Gammaproteobacteria; o__Pseudomonadales; f__Moraxellaceae; g__Acinetobacter; s__Acinetobacter radioresistens	1.1150579150579143	0.29098510685255974	G000368905
d__Bacteria; p__Firmicutes_A; c__Clostridia; o__Lachnospirales; f__Lachnospiraceae; g__Blautia_A; s__Blautia_A massiliensis	0.9714285714285714	0.3243241555798456	G000466565
d__Bacteria; p__Proteobacteria; c__Gammaproteobacteria; o__Burkholderiales; f__Burkholderiaceae; g__Aquabacterium; s__Aquabacterium sp000768065	0.9714285714285714	0.3243241555798456	G000768065
d__Bacteria; p__Proteobacteria; c__Gammaproteobacteria; o__Burkholderiales; f__Rhodocyclaceae; g__Thauera; s__Thauera aminoaromatica	0.9714285714285714	0.3243241555798456	G000310185
d__Bacteria; p__Proteobacteria; c__Gammaproteobacteria; o__Burkholderiales; f__Burkholderiaceae; g__LMDS01; s__LMDS01 sp001425865	0.9714285714285714	0.3243241555798456	G001425865
d__Bacteria; p__Actinobacteriota; c__Actinomycetia; o__Nanopelagicales; f__Nanopelagicaceae; g__Planktophila; s__Planktophila sp000372185	0.9611428571428584	0.32689910363859326	G000372185
d__Bacteria; p__Firmicutes_C; c__Negativicutes; o__Selenomonadales; f__Selenomonadaceae; g__Megamonas; s__Megamonas funiformis	0.9449999999999988	0.33099527823107716	G000245775
d__Bacteria; p__Proteobacteria; c__Gammaproteobacteria; o__Pseudomonadales; f__Moraxellaceae; g__Acinetobacter; s__Acinetobacter towneri_A	0.9433673469387749	0.33141334815758516	G001758345
d__Bacteria; p__Actinobacteriota; c__Actinomycetia; o__Mycobacteriales; f__Mycobacteriaceae; g__Corynebacterium; s__Corynebacterium singulare	0.9257142857142854	0.33597904704656884	G000833575
d__Bacteria; p__Proteobacteria; c__Gammaproteobacteria; o__Pseudomonadales; f__Pseudomonadaceae; g__Pseudomonas_E; s__Pseudomonas_E alkylphenolica	0.9257142857142854	0.33597904704656884	G000746525
d__Bacteria; p__Proteobacteria; c__Gammaproteobacteria; o__Enterobacterales; f__Enterobacteriaceae; g__Klebsiella; s__Klebsiella michiganensis	0.918367346938775	0.33790401910300255	G001022195
d__Bacteria; p__Actinobacteriota; c__Actinomycetia; o__Nanopelagicales; f__Nanopelagicaceae; g__Planktophila; s__Planktophila sp001438925	0.918367346938775	0.33790401910300255	G001438925
d__Bacteria; p__Proteobacteria; c__Gammaproteobacteria; o__Burkholderiales; f__Burkholderiaceae; g__Duganella; s__Duganella zoogloeoides	0.8822916666666674	0.3475747777809626	G000383895
d__Bacteria; p__Proteobacteria; c__Gammaproteobacteria; o__Pseudomonadales; f__Moraxellaceae; g__Acinetobacter; s__Acinetobacter venetianus	0.8779220779220779	0.3487714377468044	G000475335
d__Bacteria; p__Proteobacteria; c__Gammaproteobacteria; o__Burkholderiales; f__Burkholderiaceae; g__Leptothrix; s__Leptothrix cholodnii	0.8691428571428563	0.35119271132838736	G000019785
d__Bacteria; p__Firmicutes_A; c__Clostridia; o__Oscillospirales; f__Ruminococcaceae; g__Faecalibacterium; s__Faecalibacterium prausnitzii_C	0.8642857142857141	0.35254213749971275	G000162015
d__Bacteria; p__Bacteroidota; c__Bacteroidia; o__Flavobacteriales; f__Flavobacteriaceae; g__Flavobacterium; s__Flavobacterium anhuiense	0.8642857142857141	0.35254213749971275	G001705175
d__Bacteria; p__Proteobacteria; c__Gammaproteobacteria; o__Burkholderiales; f__Burkholderiaceae; g__Giesbergeria; s__Giesbergeria psychrophila	0.8615384615384618	0.35330852193784357	G000688255
d__Bacteria; p__Proteobacteria; c__Gammaproteobacteria; o__Burkholderiales; f__Burkholderiaceae; g__Comamonas; s__Comamonas kerstersii	0.8047619047619047	0.3696734409705521	G001294445
d__Bacteria; p__Proteobacteria; c__Alphaproteobacteria; o__Sphingomonadales; f__Sphingomonadaceae; g__Sphingobium; s__Sphingobium ummariense	0.7314285714285718	0.3924205244765816	G000447205
d__Bacteria; p__Proteobacteria; c__Gammaproteobacteria; o__Burkholderiales; f__Methylophilaceae; g__Methylopumilus_A; s__Methylopumilus_A turicensis	0.7225563909774431	0.39530664470115506	G000953015
d__Bacteria; p__Proteobacteria; c__Gammaproteobacteria; o__Burkholderiales; f__Burkholderiaceae; g__Rhodoferax; s__Rhodoferax sp009693325	0.7	0.40278369424647564	G009693325
d__Bacteria; p__Bacteroidota; c__Bacteroidia; o__Flavobacteriales; f__Flavobacteriaceae; g__Flavobacterium; s__Flavobacterium psychrophilum	0.7	0.40278369424647564	G000064305
d__Bacteria; p__Proteobacteria; c__Gammaproteobacteria; o__Burkholderiales; f__Burkholderiaceae; g__Noviherbaspirillum; s__Noviherbaspirillum autotrophicum	0.7	0.40278369424647564	G000818395
d__Bacteria; p__Proteobacteria; c__Gammaproteobacteria; o__Enterobacterales; f__Enterobacteriaceae; g__Escherichia; s__Escherichia coli	0.7	0.40278369424647564	G000778805
d__Bacteria; p__Proteobacteria; c__Gammaproteobacteria; o__Enterobacterales; f__Enterobacteriaceae; g__Escherichia; s__	0.7	0.40278369424647564	G012161415
d__Bacteria; p__Firmicutes_A; c__Clostridia; o__Peptostreptococcales; f__Peptostreptococcaceae; g__Romboutsia_D; s__Romboutsia_D lituseburensis	0.7	0.40278369424647564	G900002825
d__Bacteria; p__Proteobacteria; c__Gammaproteobacteria; o__Pseudomonadales; f__Pseudomonadaceae; g__Pseudomonas_C; s__Pseudomonas_C sp002342705	0.7	0.40278369424647564	G008807395
d__Bacteria; p__Bacteroidota; c__Bacteroidia; o__Flavobacteriales; f__Flavobacteriaceae; g__Flavobacterium; s__Flavobacterium columnare	0.7	0.40278369424647564	G000240075
d__Bacteria; p__Proteobacteria; c__Gammaproteobacteria; o__Pseudomonadales; f__Moraxellaceae; g__Acinetobacter; s__Acinetobacter equi	0.7	0.40278369424647564	G001307195
d__Bacteria; p__Actinobacteriota; c__Actinomycetia; o__Nanopelagicales; f__Nanopelagicaceae; g__Nanopelagicus; s__Nanopelagicus limnes	0.7	0.40278369424647564	G002287885
d__Bacteria; p__Proteobacteria; c__Gammaproteobacteria; o__Burkholderiales; f__Burkholderiaceae; g__Ideonella_A; s__Ideonella_A sakaiensis	0.6508928571428569	0.4197936406285281	G001293525
d__Bacteria; p__Bacteroidota; c__Bacteroidia; o__Bacteroidales; f__Rikenellaceae; g__Alistipes; s__Alistipes putredinis	0.6428571428571435	0.4226780741706353	G000154465
d__Bacteria; p__Firmicutes_A; c__Clostridia; o__Lachnospirales; f__Lachnospiraceae; g__Fusicatenibacter; s__Fusicatenibacter saccharivorans	0.6155015197568395	0.4327238782852145	G000438275
d__Bacteria; p__Actinobacteriota; c__Actinomycetia; o__Nanopelagicales; f__Nanopelagicaceae; g__Nanopelagicus; s__Nanopelagicus sp000294575	0.5709043250327646	0.44989978534396247	G000294575
d__Bacteria; p__Proteobacteria; c__Gammaproteobacteria; o__Burkholderiales; f__Burkholderiaceae; g__Acidovorax; s__Acidovorax sp001714725	0.5531428571428563	0.4570363604014567	G001714725
d__Bacteria; p__Proteobacteria; c__Gammaproteobacteria; o__Burkholderiales; f__Burkholderiaceae; g__Polaromonas; s__Polaromonas naphthalenivorans	0.541798941798942	0.4616881414356959	G000015505
d__Bacteria; p__Proteobacteria; c__Gammaproteobacteria; o__Burkholderiales; f__Burkholderiaceae; g__Brachymonas; s__Brachymonas chironomi	0.5157142857142853	0.4726755935115873	G000374625
d__Bacteria; p__Firmicutes; c__Bacilli; o__Lactobacillales; f__Carnobacteriaceae; g__Carnobacterium; s__Carnobacterium maltaromaticum	0.4805714285714292	0.488163596926924	G000317975
d__Bacteria; p__Proteobacteria; c__Alphaproteobacteria; o__Caulobacterales; f__Caulobacteraceae; g__Caulobacter; s__Caulobacter henricii_C	0.4805714285714292	0.488163596926924	G000745545
d__Bacteria; p__Bacteroidota; c__Bacteroidia; o__Bacteroidales; f__Bacteroidaceae; g__Bacteroides; s__Bacteroides thetaiotaomicron	0.46208791208791167	0.4966497979775245	G001314975
d__Bacteria; p__Proteobacteria; c__Gammaproteobacteria; o__Burkholderiales; f__Burkholderiaceae; g__SCMQ01; s__SCMQ01 sp005503335	0.4591836734693875	0.4980057317354828	G005503335
d__Bacteria; p__Proteobacteria; c__Gammaproteobacteria; o__Burkholderiales; f__Burkholderiaceae; g__Variovorax; s__	0.4591836734693875	0.4980057317354828	G000483005
d__Bacteria; p__Proteobacteria; c__Gammaproteobacteria; o__Burkholderiales; f__Burkholderiaceae; g__Herminiimonas; s__Herminiimonas sp000013625	0.4591836734693875	0.4980057317354828	G000013625
d__Bacteria; p__Bacteroidota; c__Bacteroidia; o__Bacteroidales; f__Bacteroidaceae; g__Phocaeicola; s__Phocaeicola vulgatus	0.4429687499999994	0.5056930357222692	G000012825
d__Bacteria; p__Spirochaetota; c__Spirochaetia; o__Treponematales; f__Treponemataceae; g__Treponema_F; s__	0.43214285714285705	0.5109393498748492	G001028605
d__Bacteria; p__Firmicutes_A; c__Clostridia; o__Lachnospirales; f__Lachnospiraceae; g__Blautia_A; s__Blautia_A wexlerae	0.42240601503759384	0.5157389246065609	G001404455
d__Bacteria; p__Bacteroidota; c__Bacteroidia; o__Bacteroidales; f__Bacteroidaceae; g__Bacteroides; s__Bacteroides graminisolvens	0.42077922077922064	0.5165484841465027	G000428125
d__Bacteria; p__Chlamydiota; c__Chlamydiia; o__Chlamydiales; f__Rhabdochlamydiaceae; g__Rhabdochlamydia; s__Rhabdochlamydia sp901000775	0.4017857142857141	0.5261684777561433	G901000775
d__Bacteria; p__Bacteroidota; c__Bacteroidia; o__Bacteroidales; f__Bacteroidaceae; g__Bacteroides; s__Bacteroides ovatus	0.398901098901099	0.5276573214480471	G000436435
d__Bacteria; p__Actinobacteriota; c__Coriobacteriia; o__Coriobacteriales; f__Coriobacteriaceae; g__Collinsella; s__Collinsella aerofaciens_F	0.38571428571428557	0.5345608020345052	G001405375
d__Bacteria; p__Proteobacteria; c__Gammaproteobacteria; o__Enterobacterales; f__Enterobacteriaceae; g__Escherichia; s__Escherichia coli	0.38571428571428557	0.5345608020345052	G000183345
d__Bacteria; p__Actinobacteriota; c__Actinomycetia; o__Nanopelagicales; f__Nanopelagicaceae; g__Planktophila; s__Planktophila lacus	0.36828087167070134	0.5439428347607318	G002288385
d__Bacteria; p__Proteobacteria; c__Gammaproteobacteria; o__Xanthomonadales; f__Xanthomonadaceae; g__Stenotrophomonas; s__Stenotrophomonas maltophilia	0.3474903474903478	0.5555372330577474	G000072485
d__Bacteria; p__Proteobacteria; c__Gammaproteobacteria; o__Pseudomonadales; f__Moraxellaceae; g__Acinetobacter; s__Acinetobacter johnsonii	0.32925170068027154	0.5661000463811108	G001592855
d__Bacteria; p__Bacteroidota; c__Bacteroidia; o__Flavobacteriales; f__Flavobacteriaceae; g__Flavobacterium; s__Flavobacterium sp000744835	0.32142857142857173	0.5707503880581737	G000744835
d__Bacteria; p__Proteobacteria; c__Gammaproteobacteria; o__Xanthomonadales; f__Xanthomonadaceae; g__Stenotrophomonas; s__Stenotrophomonas rhizophila	0.31499999999999956	0.5746280705895833	G000661955
d__Bacteria; p__Actinobacteriota; c__Actinomycetia; o__Actinomycetales; f__Bifidobacteriaceae; g__Bifidobacterium; s__Bifidobacterium longum	0.300544217687075	0.5835414461803194	G000007525
d__Bacteria; p__Actinobacteriota; c__Actinomycetia; o__Actinomycetales; f__Microbacteriaceae; g__Rhodoluna; s__Rhodoluna lacicola	0.27657142857142814	0.5989572802935667	G000699505
d__Bacteria; p__Bacteroidota; c__Bacteroidia; o__Flavobacteriales; f__Flavobacteriaceae; g__Flavobacterium; s__Flavobacterium succinicans	0.25714285714285723	0.6120898800892567	G000611675
d__Bacteria; p__Firmicutes; c__Bacilli; o__Erysipelotrichales; f__Erysipelotrichaceae; g__Absicoccus; s__	0.25714285714285723	0.6120898800892567	G001398415
d__Bacteria; p__Firmicutes_A; c__Clostridia; o__Lachnospirales; f__Lachnospiraceae; g__Anaerobutyricum; s__Anaerobutyricum hallii	0.2519047619047614	0.6157370580402572	G000173975
d__Bacteria; p__Proteobacteria; c__Gammaproteobacteria; o__Burkholderiales; f__Burkholderiaceae; g__Aquabacterium; s__Aquabacterium parvum	0.24285714285714285	0.6221501087337522	G001447195
d__Bacteria; p__Actinobacteriota; c__Actinomycetia; o__Actinomycetales; f__Microbacteriaceae; g__Rathayibacter; s__Rathayibacter sp001423885	0.24285714285714285	0.6221501087337522	G001423885
d__Bacteria; p__Proteobacteria; c__Gammaproteobacteria; o__Burkholderiales; f__Burkholderiaceae; g__; s__	0.23997520917260706	0.6242240205790477	G002943475
d__Bacteria; p__Proteobacteria; c__Gammaproteobacteria; o__Burkholderiales; f__Rhodocyclaceae; g__Zoogloea; s__Zoogloea sp002028455	0.23510204081632605	0.6277662789019635	G002028455
d__Bacteria; p__Proteobacteria; c__Gammaproteobacteria; o__Burkholderiales; f__Burkholderiaceae; g__Rhodoferax; s__Rhodoferax sp006974105	0.22857142857142854	0.6325851216960414	G006974105
d__Bacteria; p__Proteobacteria; c__Gammaproteobacteria; o__Burkholderiales; f__Burkholderiaceae; g__Herminiimonas; s__Herminiimonas arsenicoxydans	0.22857142857142854	0.6325851216960414	G000026125
d__Bacteria; p__Proteobacteria; c__Gammaproteobacteria; o__Pseudomonadales; f__Pseudomonadaceae; g__Pseudomonas_E; s__Pseudomonas_E lutea	0.22857142857142854	0.6325851216960414	G000759445
d__Bacteria; p__Proteobacteria; c__Gammaproteobacteria; o__Enterobacterales; f__Enterobacteriaceae; g__Escherichia; s__Escherichia coli	0.22857142857142854	0.6325851216960414	G000006925
d__Bacteria; p__Actinobacteriota; c__Actinomycetia; o__Actinomycetales; f__Bifidobacteriaceae; g__Bifidobacterium; s__Bifidobacterium breve	0.21038961038961032	0.6464622026641695	G001025175
d__Bacteria; p__Firmicutes_A; c__Clostridia; o__Lachnospirales; f__Lachnospiraceae; g__Fusicatenibacter; s__Fusicatenibacter saccharivorans	0.20800865800865848	0.6483326946339023	G001406335
d__Bacteria; p__Proteobacteria; c__Gammaproteobacteria; o__Pseudomonadales; f__Moraxellaceae; g__Acinetobacter; s__Acinetobacter johnsonii	0.19780219780219754	0.6565007277753429	G000219275
d__Bacteria; p__Proteobacteria; c__Gammaproteobacteria; o__Burkholderiales; f__Burkholderiaceae; g__Polaromonas; s__Polaromonas sp000688115	0.19285714285714278	0.6605492052016729	G000688115
d__Bacteria; p__Proteobacteria; c__Gammaproteobacteria; o__Pseudomonadales; f__Pseudomonadaceae; g__Pseudomonas; s__Pseudomonas aeruginosa_A	0.18666666666666698	0.665705524221579	G001450355
d__Bacteria; p__Proteobacteria; c__Gammaproteobacteria; o__Burkholderiales; f__Burkholderiaceae; g__Rhodoferax; s__Rhodoferax fermentans	0.18666666666666698	0.665705524221579	G002017865
d__Bacteria; p__Proteobacteria; c__Gammaproteobacteria; o__Burkholderiales; f__Aquaspirillaceae; g__Rivicola; s__Rivicola sp002002905	0.18330049261083797	0.6685520588431892	G002002905
d__Bacteria; p__Actinobacteriota; c__Actinomycetia; o__Nanopelagicales; f__Nanopelagicaceae; g__Planktophila; s__	0.17244897959183653	0.6779444305496194	G000384535
d__Bacteria; p__Proteobacteria; c__Alphaproteobacteria; o__Caedimonadales; f__Caedimonadaceae; g__Caedimonas; s__Caedimonas varicaedens	0.15873015873015886	0.6903283294641935	G001192655
d__Bacteria; p__Proteobacteria; c__Gammaproteobacteria; o__Burkholderiales; f__Burkholderiaceae; g__Sphaerotilus; s__Sphaerotilus natans	0.15602968460111272	0.6928385117296683	G000689195
d__Bacteria; p__Actinobacteriota; c__Actinomycetia; o__Nanopelagicales; f__Nanopelagicaceae; g__Planktophila; s__	0.15238095238095245	0.6962703401140227	G000438965
d__Bacteria; p__Bacteroidota; c__Bacteroidia; o__Flavobacteriales; f__Flavobacteriaceae; g__Flavobacterium; s__Flavobacterium sangjuense	0.15238095238095245	0.6962703401140227	G004797125
d__Bacteria; p__Proteobacteria; c__Gammaproteobacteria; o__Xanthomonadales; f__Xanthomonadaceae; g__Stenotrophomonas; s__Stenotrophomonas indicatrix	0.15238095238095245	0.6962703401140227	G001499755
d__Bacteria; p__Firmicutes_A; c__Clostridia; o__Lachnospirales; f__Lachnospiraceae; g__Mediterraneibacter; s__Mediterraneibacter lactaris	0.15238095238095245	0.6962703401140227	G000155205
d__Bacteria; p__Proteobacteria; c__Gammaproteobacteria; o__Burkholderiales; f__Burkholderiaceae; g__Rhodoferax; s__Rhodoferax saidenbachensis	0.14736842105263137	0.7010629817880991	G001955715
d__Bacteria; p__Actinobacteriota; c__Actinomycetia; o__Actinomycetales; f__Bifidobacteriaceae; g__Bifidobacterium; s__Bifidobacterium adolescentis	0.14352159468438494	0.7048048694079388	G000010425
d__Bacteria; p__Proteobacteria; c__Gammaproteobacteria; o__Enterobacterales; f__Enterobacteriaceae; g__Escherichia; s__Escherichia coli	0.13296703296703313	0.7153753372251175	G000008865
d__Bacteria; p__Proteobacteria; c__Gammaproteobacteria; o__Enterobacterales; f__Enterobacteriaceae; g__Escherichia; s__Escherichia coli	0.13296703296703313	0.7153753372251175	G008273775
d__Bacteria; p__Proteobacteria; c__Gammaproteobacteria; o__Burkholderiales; f__Burkholderiaceae; g__Roseateles; s__Roseateles depolymerans	0.12857142857142861	0.7199178531944463	G001483865
d__Bacteria; p__Proteobacteria; c__Gammaproteobacteria; o__Burkholderiales; f__Burkholderiaceae; g__Diaphorobacter; s__Diaphorobacter nitroreducens	0.12857142857142861	0.7199178531944463	G000022305
d__Bacteria; p__Firmicutes; c__Bacilli; o__Lactobacillales; f__Streptococcaceae; g__Lactococcus; s__Lactococcus lactis	0.12857142857142861	0.7199178531944463	G000006865
d__Bacteria; p__Proteobacteria; c__Gammaproteobacteria; o__Burkholderiales; f__Burkholderiaceae; g__Massilia; s__Massilia sp001412595	0.12857142857142861	0.7199178531944463	G001412595
d__Bacteria; p__Proteobacteria; c__Alphaproteobacteria; o__Sphingomonadales; f__Sphingomonadaceae; g__Sphingobium; s__Sphingobium lactosutens	0.12857142857142861	0.7199178531944463	G000445105
d__Bacteria; p__Proteobacteria; c__Gammaproteobacteria; o__Pseudomonadales; f__Moraxellaceae; g__Acinetobacter; s__Acinetobacter idrijaensis	0.10781671159029639	0.7426436021724978	G000369145
d__Bacteria; p__Proteobacteria; c__Gammaproteobacteria; o__Enterobacterales; f__Enterobacteriaceae; g__Escherichia; s__Escherichia coli	0.10519480519480516	0.7456825420836933	G007998125
d__Bacteria; p__Proteobacteria; c__Gammaproteobacteria; o__Burkholderiales; f__Burkholderiaceae; g__Paucibacter_A; s__Paucibacter_A sp001477625	0.10519480519480516	0.7456825420836933	G001477625
d__Bacteria; p__Proteobacteria; c__Gammaproteobacteria; o__Enterobacterales; f__Enterobacteriaceae; g__Escherichia; s__Escherichia coli	0.10519480519480516	0.7456825420836933	G000026345
d__Bacteria; p__Proteobacteria; c__Gammaproteobacteria; o__Pseudomonadales; f__Moraxellaceae; g__Acinetobacter; s__Acinetobacter harbinensis	0.10519480519480516	0.7456825420836933	G000816495
d__Bacteria; p__Proteobacteria; c__Gammaproteobacteria; o__Enterobacterales; f__Enterobacteriaceae; g__Escherichia; s__Escherichia coli	0.08928571428571419	0.76508719335838	G000299455
d__Bacteria; p__Proteobacteria; c__Gammaproteobacteria; o__Burkholderiales; f__Burkholderiaceae; g__Acidovorax; s__Acidovorax sp001428665	0.0889162561576354	0.7655594588935157	G001428645
d__Bacteria; p__Proteobacteria; c__Gammaproteobacteria; o__Enterobacterales; f__Enterobacteriaceae; g__Escherichia; s__Escherichia coli	0.08311688311688314	0.7731171162909528	G000026325
d__Bacteria; p__Bacteroidota; c__Bacteroidia; o__Bacteroidales; f__Bacteroidaceae; g__Bacteroides; s__Bacteroides uniformis	0.07988904299583854	0.7774478325716535	G000154205
d__Bacteria; p__Verrucomicrobiota; c__Verrucomicrobiae; o__Verrucomicrobiales; f__Akkermansiaceae; g__Akkermansia; s__Akkermansia muciniphila	0.07619047619047623	0.7825279247400674	G000020225
d__Bacteria; p__Proteobacteria; c__Gammaproteobacteria; o__Pseudomonadales; f__Moraxellaceae; g__Acinetobacter; s__Acinetobacter indicus	0.07619047619047623	0.7825279247400674	G000964095
d__Bacteria; p__Marinisomatota; c__Marinisomatia; o__Marinisomatales; f__TCS55; g__TCS55; s__	0.07619047619047623	0.7825279247400674	G000494725
d__Bacteria; p__Verrucomicrobiota; c__Verrucomicrobiae; o__Verrucomicrobiales; f__Akkermansiaceae; g__Akkermansia; s__Akkermansia muciniphila	0.07619047619047623	0.7825279247400674	G000723745
d__Bacteria; p__Patescibacteria; c__Paceibacteria; o__UBA9983_A; f__SBAW01; g__GWA1-54-10; s__GWA1-54-10 sp001773575	0.06428571428571431	0.7998461056624733	G001773575
d__Bacteria; p__Proteobacteria; c__Gammaproteobacteria; o__Enterobacterales; f__Enterobacteriaceae; g__Escherichia; s__Escherichia coli	0.06428571428571431	0.7998461056624733	G000779535
d__Bacteria; p__Proteobacteria; c__Alphaproteobacteria; o__Sphingomonadales; f__Sphingomonadaceae; g__Sphingobium; s__Sphingobium wenxiniae	0.06428571428571431	0.7998461056624733	G000445145
d__Bacteria; p__Proteobacteria; c__Gammaproteobacteria; o__Burkholderiales; f__Burkholderiaceae; g__Limnohabitans_A; s__Limnohabitans_A planktonicus	0.0554187192118227	0.8138891223386976	G001270065
d__Bacteria; p__Firmicutes_A; c__Clostridia; o__Oscillospirales; f__Acutalibacteraceae; g__Ruminococcus_E; s__Ruminococcus_E bromii_B	0.044642857142857095	0.8326621063505326	G001917065
d__Bacteria; p__Firmicutes_A; c__Clostridia; o__Oscillospirales; f__Acutalibacteraceae; g__Ruminococcus_E; s__Ruminococcus_E bromii_B	0.04375000000000007	0.834319428858139	G003435865
d__Bacteria; p__Proteobacteria; c__Gammaproteobacteria; o__Burkholderiales; f__Burkholderiaceae; g__Comamonas; s__Comamonas testosteroni_B	0.039682539682539715	0.8421025696707304	G000739375
d__Bacteria; p__Bacteroidota; c__Bacteroidia; o__Bacteroidales; f__Bacteroidaceae; g__Bacteroides; s__Bacteroides intestinigallinarum	0.03888888888888885	0.8436689495519664	G000159075
d__Bacteria; p__Firmicutes_A; c__Clostridia; o__Lachnospirales; f__Lachnospiraceae; g__Roseburia; s__Roseburia intestinalis	0.03888888888888885	0.8436689495519664	G000156535
d__Bacteria; p__Firmicutes_A; c__Clostridia; o__Lachnospirales; f__Lachnospiraceae; g__Fusicatenibacter; s__Fusicatenibacter saccharivorans	0.0367781155015199	0.8479175051376849	G001915695
d__Bacteria; p__Proteobacteria; c__Gammaproteobacteria; o__Burkholderiales; f__Burkholderiaceae; g__Acidovorax; s__Acidovorax radicis	0.016326530612244955	0.8983267872692381	G000204195
d__Bacteria; p__Proteobacteria; c__Gammaproteobacteria; o__Pseudomonadales; f__Moraxellaceae; g__Moraxella_A; s__	0.016326530612244955	0.8983267872692381	G001679275
d__Bacteria; p__Proteobacteria; c__Gammaproteobacteria; o__Burkholderiales; f__Burkholderiaceae; g__Variovorax; s__Variovorax sp001577265	0.016326530612244955	0.8983267872692381	G001577265
d__Bacteria; p__Bacteroidota; c__Bacteroidia; o__Flavobacteriales; f__Flavobacteriaceae; g__Flavobacterium; s__Flavobacterium hydatis	0.016326530612244955	0.8983267872692381	G000737695
d__Bacteria; p__Proteobacteria; c__Gammaproteobacteria; o__Burkholderiales; f__Burkholderiaceae; g__Duganella; s__Duganella sp000335815	0.012715855572998511	0.9102171824225875	G000335815
d__Bacteria; p__Proteobacteria; c__Gammaproteobacteria; o__Pseudomonadales; f__Moraxellaceae; g__Acinetobacter; s__Acinetobacter bohemicus	0.01270676691729326	0.9102491385631	G000367925
d__Bacteria; p__Actinobacteriota; c__Actinomycetia; o__Mycobacteriales; f__Mycobacteriaceae; g__Corynebacterium; s__Corynebacterium afermentans	0.011428571428571347	0.9148647457355495	G001639025
d__Bacteria; p__Proteobacteria; c__Gammaproteobacteria; o__Pseudomonadales; f__Pseudomonadaceae; g__Pseudomonas; s__Pseudomonas aeruginosa	0.008571428571428511	0.9262356363136243	G004351935
d__Bacteria; p__Actinobacteriota; c__Coriobacteriia; o__Coriobacteriales; f__Coriobacteriaceae; g__Collinsella; s__Collinsella sp000434535	0.008163265306122477	0.9280084603415848	G000434535
d__Bacteria; p__Proteobacteria; c__Gammaproteobacteria; o__Burkholderiales; f__Burkholderiaceae; g__Massilia; s__Massilia sp000745265	0.008163265306122477	0.9280084603415848	G000745265
d__Bacteria; p__Proteobacteria; c__Gammaproteobacteria; o__Pseudomonadales; f__Moraxellaceae; g__Acinetobacter; s__Acinetobacter ursingii	0.008163265306122477	0.9280084603415848	G000368825
d__Bacteria; p__Proteobacteria; c__Gammaproteobacteria; o__Burkholderiales; f__Burkholderiaceae; g__Acidovorax_A; s__Acidovorax_A avenae	0.008163265306122477	0.9280084603415848	G000176855
d__Bacteria; p__Proteobacteria; c__Gammaproteobacteria; o__Enterobacterales; f__Enterobacteriaceae; g__Escherichia; s__Escherichia coli	0.008163265306122477	0.9280084603415848	G012357415
d__Bacteria; p__Firmicutes_A; c__Clostridia; o__Lachnospirales; f__Lachnospiraceae; g__Oliverpabstia; s__Oliverpabstia intestinalis	0.0067669172932331295	0.9344389484318137	G003479885
d__Bacteria; p__Proteobacteria; c__Gammaproteobacteria; o__Burkholderiales; f__Burkholderiaceae; g__Acidovorax_A; s__Acidovorax_A sp001424265	0.0057142857142856735	0.9397429895770735	G001424265
d__Bacteria; p__Bacteroidota; c__Bacteroidia; o__Flavobacteriales; f__Flavobacteriaceae; g__Flavobacterium; s__Flavobacterium johnsoniae	0.0057142857142856735	0.9397429895770735	G000016645
d__Archaea; p__Halobacteriota; c__Methanosarcinia; o__Methanotrichales; f__Methanotrichaceae; g__Methanothrix; s__Methanothrix soehngenii	0.0057142857142856735	0.9397429895770735	G001603225
d__Bacteria; p__Proteobacteria; c__Gammaproteobacteria; o__Pseudomonadales; f__Moraxellaceae; g__Moraxella_A; s__Moraxella_A osloensis	0.0028571428571428368	0.9573715764906133	G001553955
d__Bacteria; p__Firmicutes; c__Bacilli; o__Lactobacillales; f__Aerococcaceae; g__Trichococcus; s__Trichococcus pasteurii	0.002380952380952364	0.9610826639451729	G900112935
d__Bacteria; p__Proteobacteria; c__Gammaproteobacteria; o__Burkholderiales; f__Burkholderiaceae; g__Acidovorax; s__Acidovorax delafieldii_B	0.001190476190476182	0.972475828466415	G000175235
d__Bacteria; p__Proteobacteria; c__Gammaproteobacteria; o__Enterobacterales; f__Enterobacteriaceae; g__Escherichia; s__Escherichia coli	0.001190476190476182	0.972475828466415	G001283625
d__Bacteria; p__Proteobacteria; c__Gammaproteobacteria; o__Enterobacterales; f__Enterobacteriaceae; g__Escherichia; s__Escherichia coli	0.001190476190476182	0.972475828466415	G000944855
d__Bacteria; p__Actinobacteriota; c__Actinomycetia; o__Actinomycetales; f__Microbacteriaceae; g__Aurantimicrobium; s__Aurantimicrobium sp003194085	0.0009367681498828973	0.9755832240372017	G003194085
d__Bacteria; p__Proteobacteria; c__Alphaproteobacteria; o__Sphingomonadales; f__Sphingomonadaceae; g__Sphingomonas; s__Sphingomonas sp001423765	0.0006493506493506448	0.9796702189413317	G001423765
d__Bacteria; p__Proteobacteria; c__Gammaproteobacteria; o__Burkholderiales; f__Burkholderiaceae; g__Malikia; s__Malikia spinosa	3.6075036075040175e-05	0.9952077348686487	G009867145
d__Bacteria; p__Proteobacteria; c__Gammaproteobacteria; o__Burkholderiales; f__; g__; s__	0.0	1.0	G008012255
d__Bacteria; p__Proteobacteria; c__Gammaproteobacteria; o__Burkholderiales; f__Burkholderiaceae; g__Diaphorobacter_A; s__Diaphorobacter_A sp011305995	0.0	1.0	G011305995
d__Bacteria; p__Actinobacteriota; c__Actinomycetia; o__Actinomycetales; f__Microbacteriaceae; g__Microbacterium; s__Microbacterium azadirachtae_A	0.0	1.0	G000956505
